{
    "gen_results": "Yes, flights CHQ2945 and AAL1102 arrived on the same day, which is July 15th.",
    "answer": "Yes, both flights arrived on July 15, 2014.",
    "bleu": 6.072910347203158e-155,
    "rouge_1": 0.45454545454545453,
    "rouge_2": 0.1,
    "meteor": 0.43255813953488376,
    "BERTscore": 0.6010680794715881
}